Type,Name,Request Count,Failure Count,Median Response Time,Average Response Time,Min Response Time,Max Response Time,Average Content Size,Requests/s,Failures/s,50%,66%,75%,80%,90%,95%,98%,99%,99.9%,99.99%,100%
PUT,/rooms/6193131b0a96fcb356e6d250/simple_messages,136925,10,530.0,1188.2912709169937,1.4383869711309671,5346.522806037683,26.998028117582617,370.75069605697684,0.02707691773284476,530,570,680,1900,3900,4200,4400,4600,5000,5300,5300
,Aggregated,136925,10,530.0,1188.2912709169937,1.4383869711309671,5346.522806037683,26.998028117582617,370.75069605697684,0.02707691773284476,530,570,680,1900,3900,4200,4400,4600,5000,5300,5300
