Type,Name,Request Count,Failure Count,Median Response Time,Average Response Time,Min Response Time,Max Response Time,Average Content Size,Requests/s,Failures/s,50%,66%,75%,80%,90%,95%,98%,99%,99.9%,99.99%,100%
PUT,/rooms/6183efefd3cca450ff5fa334/simple_messages,119924,7,630.0,1060.1953050372745,1.436884980648756,4927.420387975872,26.99842400186785,391.38110408915406,0.02284503292605382,630,720,1500,2000,2400,2800,3200,3500,4600,4800,4900
,Aggregated,119924,7,630.0,1060.1953050372745,1.436884980648756,4927.420387975872,26.99842400186785,391.38110408915406,0.02284503292605382,630,720,1500,2000,2400,2800,3200,3500,4600,4800,4900
