Type,Name,Request Count,Failure Count,Median Response Time,Average Response Time,Min Response Time,Max Response Time,Average Content Size,Requests/s,Failures/s,50%,66%,75%,80%,90%,95%,98%,99%,99.9%,99.99%,100%
PUT,/rooms/6193eaa6a39f62330b7c03b0/simple_messages,116487,6,640.0,1133.8103388405252,1.9471249543130398,6591.054565971717,26.998609286873215,373.51470886678817,0.019238955876627682,640,730,1600,2100,2800,3200,3900,4200,5700,6600,6600
,Aggregated,116487,6,640.0,1133.8103388405252,1.9471249543130398,6591.054565971717,26.998609286873215,373.51470886678817,0.019238955876627682,640,730,1600,2100,2800,3200,3900,4200,5700,6600,6600
