Type,Name,Request Count,Failure Count,Median Response Time,Average Response Time,Min Response Time,Max Response Time,Average Content Size,Requests/s,Failures/s,50%,66%,75%,80%,90%,95%,98%,99%,99.9%,99.99%,100%
GET,/messages,16889,341,4600.0,7437.33289423963,1.158480008598417,147442.82648299122,137147.4274971875,52.12657826895518,1.052469843668288,4600,6700,7900,9100,16000,24000,46000,62000,103000,140000,147000
PUT,/messages,6968,130,2200.0,1805.0945299433556,1.2136560399085283,94519.58626601845,26.496268656716417,21.50618730404877,0.40123483776210395,2200,2300,2300,2300,2400,3600,3900,6300,10000,95000,95000
,Aggregated,23857,471,2900.0,5792.304729658314,1.158480008598417,147442.82648299122,97098.02276061533,73.63276557300395,1.453704681430392,2900,5000,6200,7000,12000,20000,37000,54000,99000,138000,147000
