Type,Name,Request Count,Failure Count,Median Response Time,Average Response Time,Min Response Time,Max Response Time,Average Content Size,Requests/s,Failures/s,50%,66%,75%,80%,90%,95%,98%,99%,99.9%,99.99%,100%
GET,/messages,17680,382,5100.0,7134.884471739118,1.1627129861153662,175794.60954398382,147555.5257918552,54.039211917681364,1.1675893072711698,5100,6700,7700,8100,14000,23000,35000,55000,103000,155000,176000
PUT,/messages,7249,136,2200.0,1801.5841991220393,1.166963018476963,9013.776586041786,26.493447372051318,22.156688189551595,0.4156862455206259,2200,2300,2300,2300,2300,3600,3600,3700,6500,9000,9000
,Aggregated,24929,518,3500.0,5584.036315928567,1.1627129861153662,175794.60954398382,104656.17341249148,76.19590010723296,1.5832755527917957,3500,5600,6500,6800,10000,19000,29000,43000,99000,154000,176000
