Type,Name,Request Count,Failure Count,Median Response Time,Average Response Time,Min Response Time,Max Response Time,Average Content Size,Requests/s,Failures/s,50%,66%,75%,80%,90%,95%,98%,99%,99.9%,99.99%,100%
GET,/messages,13303,288,5600.0,7273.291244064865,1.1400060002415557,130076.07268599985,32886.575058257535,41.93456078956802,0.9078518760727347,5600,6900,8000,9200,15000,22000,35000,48000,87000,120000,130000
PUT,/messages,7223,153,2200.0,1800.5530383337973,1.1290909997114795,14369.63333499989,26.428076976325627,22.768798961365842,0.4822963091636403,2200,2300,2300,2300,3500,3600,3700,4900,8200,14000,14000
GET,/messages/full,3901,84,4600.0,6567.406981155338,1.2357850000626058,167393.17554300034,520391.0343501666,12.296979751943535,0.2647901305212143,4600,6800,8000,9000,14000,20000,30000,44000,89000,167000,167000
,Aggregated,24427,525,3300.0,5542.286922224054,1.1290909997114795,167393.17554300034,101024.5393621812,77.0003395028774,1.6549383157575892,3300,5600,6800,7800,11000,19000,28000,41000,83000,120000,167000
