Type,Name,Request Count,Failure Count,Median Response Time,Average Response Time,Min Response Time,Max Response Time,Average Content Size,Requests/s,Failures/s,50%,66%,75%,80%,90%,95%,98%,99%,99.9%,99.99%,100%
GET,/simple_messages,10145,0,670.0,1406.2317525538901,328.4628320252523,7109.13558100583,4978.0491867915225,30.018866174454978,0.0,670,780,2100,2500,3700,4800,5700,6100,6800,7000,7100
PUT,/simple_messages,21417,0,660.0,1273.025486331187,319.31216502562165,7015.521544002695,27.0,63.372504372429994,0.0,660,750,1400,2200,3200,3900,5200,5800,6600,6900,7000
GET,/simple_messages/full,80042,14,680.0,1287.583733542731,1.3141249946784228,7511.996947985608,5791.807938332376,236.84278820460574,0.04142573942260914,680,800,1500,2200,3200,3900,5100,5800,6700,7100,7500
,Aggregated,111604,14,670.0,1295.5752945292415,1.3141249946784228,7511.996947985608,4611.559254148597,330.2341587514907,0.04142573942260914,670,790,1500,2300,3200,4000,5200,5800,6700,7100,7500
