Type,Name,Request Count,Failure Count,Median Response Time,Average Response Time,Min Response Time,Max Response Time,Average Content Size,Requests/s,Failures/s,50%,66%,75%,80%,90%,95%,98%,99%,99.9%,99.99%,100%
GET,/simple_messages,78660,8,710.0,1278.9758328797932,2.174864988774061,6100.855564000085,6530.63982964658,237.59479699899475,0.024164230561809788,710,840,2100,2400,3000,3400,3900,4100,5200,6000,6100
PUT,/simple_messages,31387,3,700.0,1262.1831606572837,3.102583985310048,5869.2555199959315,26.997419313728614,94.80533808044048,0.00906158646067867,700,810,2100,2400,3000,3400,3900,4100,5300,5800,5900
,Aggregated,110047,11,710.0,1274.1863192806227,2.174864988774061,6100.855564000085,4675.706716221251,332.4001350794352,0.03322581702248846,710,830,2100,2400,3000,3400,3900,4100,5200,5900,6100
