Type,Name,Request Count,Failure Count,Median Response Time,Average Response Time,Min Response Time,Max Response Time,Average Content Size,Requests/s,Failures/s,50%,66%,75%,80%,90%,95%,98%,99%,99.9%,99.99%,100%
GET,/messages,18021,384,6000.0,7219.985586687889,1.0893000289797783,101572.7877629688,143253.56711614228,54.28655050230328,1.156763519942537,6000,8000,9200,10000,14000,20000,30000,40000,72000,95000,102000
PUT,/messages,7276,148,2100.0,1784.454001398009,1.1454140185378492,16245.735608972609,26.450797141286422,21.918258778911195,0.4458359399778528,2100,2300,2300,2300,2400,2500,3800,6600,11000,16000,16000
,Aggregated,25297,532,3200.0,5656.60147732436,1.0893000289797783,101572.7877629688,102058.14875281655,76.20480928121447,1.6025994599203897,3200,6600,8000,9100,12000,16000,27000,34000,70000,93000,102000
