Type,Name,Request Count,Failure Count,Median Response Time,Average Response Time,Min Response Time,Max Response Time,Average Content Size,Requests/s,Failures/s,50%,66%,75%,80%,90%,95%,98%,99%,99.9%,99.99%,100%
GET,/messages,13366,267,5600.0,7266.803097796506,1.1404010001569986,92908.41343200009,33290.13803680982,42.06077142228254,0.8402084370604098,5600,7900,9200,11000,15000,22000,31000,39000,64000,87000,93000
PUT,/messages,7198,131,2200.0,1925.466317942636,1.090589001250919,19049.243200001,26.508613503751043,22.65101247176341,0.4122370983330101,2200,2300,2300,2300,2300,3500,4100,8600,13000,19000,19000
GET,/messages/full,3972,74,4500.0,6543.888812390211,1.133755999035202,83295.90983300113,521005.48514602217,12.499280569303176,0.23286675783696753,4500,6900,8800,10000,14000,21000,31000,39000,62000,83000,83000
,Aggregated,24536,472,2800.0,5582.813951928313,1.090589001250919,92908.41343200009,102485.35136126509,77.21106446334913,1.4853122932303875,2800,5600,7700,8900,12000,18000,28000,35000,62000,85000,93000
