Type,Name,Request Count,Failure Count,Median Response Time,Average Response Time,Min Response Time,Max Response Time,Average Content Size,Requests/s,Failures/s,50%,66%,75%,80%,90%,95%,98%,99%,99.9%,99.99%,100%
GET,/simple_messages,106065,6,620.0,1004.359286728122,1.5453369705937803,6542.04218898667,8684.30079668128,307.3836816751569,0.017388413614773408,620,750,930,1700,2500,2800,3200,3700,5600,6300,6500
PUT,/simple_messages,42723,2,580.0,969.7778203803872,2.6477299979887903,6370.770337001886,26.998736043817146,123.81419914399405,0.005796137871591136,580,670,830,1700,2400,2800,3200,3600,5500,6300,6400
,Aggregated,148788,8,600.0,994.4295613015128,1.5453369705937803,6542.04218898667,6198.4422870123935,431.19788081915095,0.023184551486364544,600,720,920,1700,2400,2800,3200,3700,5500,6300,6500
