Type,Name,Request Count,Failure Count,Median Response Time,Average Response Time,Min Response Time,Max Response Time,Average Content Size,Requests/s,Failures/s,50%,66%,75%,80%,90%,95%,98%,99%,99.9%,99.99%,100%
GET,/simple_messages,11361,1,590.0,1240.420574440002,258.29560000420315,5725.272579002194,5147.634627233519,35.41346956921334,0.0031171084912607464,590,680,850,2600,3600,4000,4400,4600,5300,5600,5700
PUT,/simple_messages,22701,5,560.0,1151.617365400345,3.7424749971251003,5712.902929997654,26.99405312541298,70.76147986011021,0.015585542456303733,560,630,750,2000,3500,3900,4300,4500,5100,5600,5700
GET,/simple_messages/full,84821,25,570.0,1155.5056881147873,1.2933940015500411,6010.996090997651,6089.111800143833,264.3962593372278,0.07792771228151867,570,670,820,1900,3500,3900,4300,4500,5100,5700,6000
,Aggregated,118883,31,570.0,1162.8780559857212,1.2933940015500411,6010.996090997651,4841.563730726849,370.5712087665513,0.09663036322908314,570,660,810,2000,3500,3900,4300,4500,5100,5700,6000
