Type,Name,Request Count,Failure Count,Median Response Time,Average Response Time,Min Response Time,Max Response Time,Average Content Size,Requests/s,Failures/s,50%,66%,75%,80%,90%,95%,98%,99%,99.9%,99.99%,100%
GET,/messages,10212,0,660.0,1285.598834057573,346.4261940025608,5219.658403999347,4971.785546415981,31.877519803066765,0.0,660,770,2000,2500,3300,3800,4300,4500,5000,5100,5200
PUT,/messages,21623,6,630.0,1191.7521698451715,1.3177460023143794,5197.53707199925,26.992507977616427,67.49780755010896,0.01872944759287119,630,700,1200,2300,3100,3600,4100,4400,4900,5100,5200
GET,/messages/full,81139,26,640.0,1203.5035552811564,1.2458070013963152,5267.889054000989,5818.147512293718,253.2814413729959,0.08116093956910848,640,720,1400,2300,3100,3600,4200,4400,4900,5200,5300
,Aggregated,112974,32,640.0,1208.6751591863247,1.2458070013963152,5267.889054000989,4633.227149609645,352.6567687261716,0.09989038716197968,640,720,1400,2300,3100,3700,4200,4400,4900,5200,5300
