Type,Name,Request Count,Failure Count,Median Response Time,Average Response Time,Min Response Time,Max Response Time,Average Content Size,Requests/s,Failures/s,50%,66%,75%,80%,90%,95%,98%,99%,99.9%,99.99%,100%
GET,/messages,100793,7,520.0,1040.599107332475,1.1820269864983857,6598.28379098326,8282.711696248747,301.19178702468065,0.020917548928722874,520,580,700,970,3300,3600,3900,4100,4900,6400,6600
PUT,/messages,40325,2,510.0,1025.3006526744537,1.7728860257193446,6597.857657005079,26.998660880347177,120.50002293582142,0.005976442551063678,510,560,640,930,3300,3600,3900,4000,5200,6400,6600
,Aggregated,141118,9,520.0,1036.2275162945868,1.1820269864983857,6598.28379098326,5923.610602474525,421.6918099605021,0.026893991479786553,520,570,680,960,3300,3600,3900,4100,4900,6400,6600
