Type,Name,Request Count,Failure Count,Median Response Time,Average Response Time,Min Response Time,Max Response Time,Average Content Size,Requests/s,Failures/s,50%,66%,75%,80%,90%,95%,98%,99%,99.9%,99.99%,100%
PUT,/messages,112895,25,650.0,1238.3281832074197,1.2239200004842132,11026.668696998968,26.99402099295806,351.13995584312033,0.07775808402566994,650,830,1300,2000,3300,3900,4400,5000,6700,9200,11000
,Aggregated,112895,25,650.0,1238.3281832074197,1.2239200004842132,11026.668696998968,26.99402099295806,351.13995584312033,0.07775808402566994,650,830,1300,2000,3300,3900,4400,5000,6700,9200,11000
