Type,Name,Request Count,Failure Count,Median Response Time,Average Response Time,Min Response Time,Max Response Time,Average Content Size,Requests/s,Failures/s,50%,66%,75%,80%,90%,95%,98%,99%,99.9%,99.99%,100%
GET,/messages,16625,1,530.0,1144.1943061796715,181.32006999803707,5029.225612001028,6138.4046917293235,47.04793779036123,0.0028299511452848864,530,630,700,2500,3500,3800,4000,4200,4600,5000,5000
PUT,/messages,27950,6,510.0,1055.7710534332427,3.2181119968299754,4824.070930000744,26.994203935599284,79.09713451071256,0.016979706871709317,510,550,620,980,3400,3700,3900,4100,4400,4800,4800
GET,/messages/full,101353,17,510.0,1054.7154703283857,1.2015979991701897,5028.881435002404,7343.543614890531,286.82403842805905,0.04810916946984307,510,570,670,970,3400,3700,3900,4100,4400,4700,5000
,Aggregated,145928,24,520.0,1065.1116190716584,1.2015979991701897,5029.225612001028,5804.887629515925,412.96911072913286,0.06791882748683727,520,570,670,980,3400,3700,3900,4100,4400,4800,5000
