Type,Name,Request Count,Failure Count,Median Response Time,Average Response Time,Min Response Time,Max Response Time,Average Content Size,Requests/s,Failures/s,50%,66%,75%,80%,90%,95%,98%,99%,99.9%,99.99%,100%
GET,/messages,91994,7,570.0,1079.5340134290177,2.2680459660477936,5738.38346201228,7569.904428549688,284.6185710616593,0.021657173265991425,570,690,860,1900,3000,3400,3800,4000,5100,5500,5700
PUT,/messages,36736,3,560.0,1062.6524886250281,1.5360990073531866,5400.508632999845,26.997795078397214,113.65684529992299,0.009281645685424895,560,660,810,1900,3000,3400,3800,4000,5000,5300,5400
,Aggregated,128730,10,560.0,1074.7164907443344,1.5360990073531866,5738.38346201228,5417.3664180843625,398.2754163615823,0.03093881895141632,560,680,850,1900,3000,3400,3800,4000,5100,5500,5700
