Type,Name,Request Count,Failure Count,Median Response Time,Average Response Time,Min Response Time,Max Response Time,Average Content Size,Requests/s,Failures/s,50%,66%,75%,80%,90%,95%,98%,99%,99.9%,99.99%,100%
GET,/simple_messages,85884,6,550.0,1206.168858331244,1.5372270136140287,23436.375852965284,7014.333694285315,259.8380488797899,0.018152721033938096,550,610,710,1000,4100,4600,5000,5300,5900,6300,23000
PUT,/simple_messages,33869,4,540.0,1192.3704575295717,1.410136988852173,19843.609486997593,26.99681124331985,102.46908478307489,0.012101814022625397,540,570,650,1000,4100,4600,4900,5200,5800,6300,20000
,Aggregated,119753,10,540.0,1202.2663420122233,1.410136988852173,23436.375852965284,5038.148438870007,362.30713366286477,0.030254535056563493,540,600,700,1000,4100,4600,5000,5200,5900,6300,23000
