Type,Name,Request Count,Failure Count,Median Response Time,Average Response Time,Min Response Time,Max Response Time,Average Content Size,Requests/s,Failures/s,50%,66%,75%,80%,90%,95%,98%,99%,99.9%,99.99%,100%
GET,/simple_messages,11007,0,560.0,1236.0668028366774,349.0872909897007,6643.073440005537,5099.404288180249,34.32376996308927,0.0,560,620,750,2700,3700,4100,4400,4600,6300,6600,6600
PUT,/simple_messages,22373,1,550.0,1182.1038988986058,4.465172998607159,6707.697170000756,26.99879318821794,69.7670305609336,0.003118358314080973,550,600,720,2000,3700,4000,4300,4600,6200,6600,6700
GET,/simple_messages/full,84325,1,560.0,1179.8878786189314,2.1125099738128483,6813.531690015225,5955.0768811147345,262.95556483487803,0.003118358314080973,560,640,780,1900,3700,4000,4400,4600,6300,6600,6800
,Aggregated,117705,2,550.0,1185.5625775746419,2.1125099738128483,6813.531690015225,4748.269359840278,367.0463653589009,0.006236716628161946,550,630,770,2000,3700,4000,4400,4600,6300,6600,6800
