Type,Name,Request Count,Failure Count,Median Response Time,Average Response Time,Min Response Time,Max Response Time,Average Content Size,Requests/s,Failures/s,50%,66%,75%,80%,90%,95%,98%,99%,99.9%,99.99%,100%
GET,/simple_messages,32161,978,2300.0,3883.5005758757725,1.1756849708035588,105485.86451704614,227497.55657473337,96.58768996696882,2.937183569780029,2300,3300,3500,4100,9800,13000,19000,26000,61000,92000,105000
PUT,/simple_messages,12988,394,1900.0,1627.6388460138328,1.137436949647963,7760.348257026635,26.18093624884509,39.00627832750819,1.1832825424267193,1900,2200,2300,2300,2300,2400,3600,3600,4900,7700,7800
,Aggregated,45149,1372,2200.0,3234.55747309505,1.137436949647963,105485.86451704614,162060.93058539502,135.593968294477,4.120466112206748,2200,2300,3300,3400,7700,12000,16000,22000,56000,86000,105000
