Type,Name,Request Count,Failure Count,Median Response Time,Average Response Time,Min Response Time,Max Response Time,Average Content Size,Requests/s,Failures/s,50%,66%,75%,80%,90%,95%,98%,99%,99.9%,99.99%,100%
GET,/simple_messages,26033,659,3200.0,3607.6206025732763,1.1955660011153668,20056.990667999344,33782.37563861253,72.38462752883059,1.8323462352206568,3200,4500,5400,6000,7600,8900,10000,11000,14000,18000,20000
PUT,/simple_messages,13222,312,840.0,1047.3293136682112,1.1378429990145378,8038.804423000329,26.362880048404175,36.763705496339185,0.8675144543078072,840,1100,1300,1400,2000,2500,3300,3800,6200,8000,8000
GET,/simple_messages/full,7049,187,8000.0,7503.3253998833725,1.1676550002448494,26527.86476899928,969506.4821960562,19.599709578255553,0.5199525735755126,8000,10000,11000,12000,14000,16000,18000,19000,22000,27000,27000
,Aggregated,46304,1158,2000.0,3469.5904473887604,1.1378429990145378,26527.86476899928,166591.57627850724,128.74804260342532,3.2198132631039766,2000,3900,5200,6100,8700,11000,13000,15000,20000,23000,27000
