Type,Name,Request Count,Failure Count,Median Response Time,Average Response Time,Min Response Time,Max Response Time,Average Content Size,Requests/s,Failures/s,50%,66%,75%,80%,90%,95%,98%,99%,99.9%,99.99%,100%
PUT,/messages,129360,6,560.0,1047.7599837136543,1.4277820009738207,22191.24098899192,26.99874768089054,412.54844548854373,0.019134900069041918,560,640,1000,2000,2800,3100,3400,3600,4000,4500,22000
,Aggregated,129360,6,560.0,1047.7599837136543,1.4277820009738207,22191.24098899192,26.99874768089054,412.54844548854373,0.019134900069041918,560,640,1000,2000,2800,3100,3400,3600,4000,4500,22000
