Type,Name,Request Count,Failure Count,Median Response Time,Average Response Time,Min Response Time,Max Response Time,Average Content Size,Requests/s,Failures/s,50%,66%,75%,80%,90%,95%,98%,99%,99.9%,99.99%,100%
PUT,/messages,106542,21,710.0,1296.2583904568057,2.330603019800037,5495.059136999771,26.994678155093766,325.7487057272556,0.06420681815877652,710,820,2200,2500,3100,3500,3900,4200,4900,5100,5500
,Aggregated,106542,21,710.0,1296.2583904568057,2.330603019800037,5495.059136999771,26.994678155093766,325.7487057272556,0.06420681815877652,710,820,2200,2500,3100,3500,3900,4200,4900,5100,5500
