Type,Name,Request Count,Failure Count,Median Response Time,Average Response Time,Min Response Time,Max Response Time,Average Content Size,Requests/s,Failures/s,50%,66%,75%,80%,90%,95%,98%,99%,99.9%,99.99%,100%
GET,/simple_messages,10562,0,630.0,1243.4391525323342,336.2295139959315,5280.572733994632,4937.683203938648,33.08907027308161,0.0,630,710,1600,2600,3300,3700,4200,4500,5000,5300,5300
PUT,/simple_messages,21977,0,630.0,1171.5313811072883,319.97411800693953,5247.643801005324,27.0,68.8504542124138,0.0,630,710,1300,2200,3100,3500,4000,4200,5100,5200,5200
GET,/simple_messages/full,81893,6,640.0,1172.0078703355184,1.6978519997792318,5612.422227000934,5831.167279254637,256.5577761667745,0.018797048062723882,640,740,1100,2200,3000,3500,4000,4300,5100,5400,5600
,Aggregated,114432,6,640.0,1178.5094205906398,1.6978519997792318,5612.422227000934,4633.991986507271,358.49730065226987,0.018797048062723882,640,730,1200,2200,3100,3500,4000,4300,5100,5400,5600
