Type,Name,Request Count,Failure Count,Median Response Time,Average Response Time,Min Response Time,Max Response Time,Average Content Size,Requests/s,Failures/s,50%,66%,75%,80%,90%,95%,98%,99%,99.9%,99.99%,100%
GET,/simple_messages,93692,18,520.0,1061.5552484178102,1.2010580394417048,6021.11974201398,7738.573453443197,293.2490981055948,0.056338681700686365,520,630,750,980,3400,3700,4000,4100,5000,5900,6000
PUT,/simple_messages,37483,5,510.0,1036.7713225099333,46.758244978263974,5878.238364995923,26.996398367259825,117.31904478815704,0.015649633805746212,510,550,670,960,3300,3700,4000,4100,5100,5800,5900
,Aggregated,131175,23,520.0,1054.4732900049653,1.2010580394417048,6021.11974201398,5535.005374499714,410.5681428937519,0.07198831550643257,520,600,730,970,3300,3700,4000,4100,5100,5900,6000
