Type,Name,Request Count,Failure Count,Median Response Time,Average Response Time,Min Response Time,Max Response Time,Average Content Size,Requests/s,Failures/s,50%,66%,75%,80%,90%,95%,98%,99%,99.9%,99.99%,100%
PUT,/rooms/618c4826144646fd8d3ea4d3/messages,50088,135,1900.0,3183.756162801222,1.0904480004683137,43935.50890201004,26.927228078581695,140.7533351417614,0.37936632015927546,1900,2900,3700,4500,7300,11000,16000,19000,30000,40000,44000
,Aggregated,50088,135,1900.0,3183.756162801222,1.0904480004683137,43935.50890201004,26.927228078581695,140.7533351417614,0.37936632015927546,1900,2900,3700,4500,7300,11000,16000,19000,30000,40000,44000
