Type,Name,Request Count,Failure Count,Median Response Time,Average Response Time,Min Response Time,Max Response Time,Average Content Size,Requests/s,Failures/s,50%,66%,75%,80%,90%,95%,98%,99%,99.9%,99.99%,100%
PUT,/rooms/61930d4d9c8ad76726022144/messages,46467,65,1800.0,3044.7430692105386,1.1287779780104756,38731.15864599822,26.96223126089483,145.44201117005662,0.20345042128938126,1800,2900,3700,4500,7100,10000,15000,18000,27000,34000,39000
,Aggregated,46467,65,1800.0,3044.7430692105386,1.1287779780104756,38731.15864599822,26.96223126089483,145.44201117005662,0.20345042128938126,1800,2900,3700,4500,7100,10000,15000,18000,27000,34000,39000
