Type,Name,Request Count,Failure Count,Median Response Time,Average Response Time,Min Response Time,Max Response Time,Average Content Size,Requests/s,Failures/s,50%,66%,75%,80%,90%,95%,98%,99%,99.9%,99.99%,100%
GET,/messages,13561,273,5800.0,7514.296506216507,1.1488680002003093,79499.8289690002,33151.04387582037,41.46903039022729,0.8348237811763181,5800,8500,10000,11000,15000,22000,32000,38000,61000,78000,79000
PUT,/messages,7209,134,2000.0,1732.468964408795,1.1413680003897753,13630.58269800058,26.49812734082397,22.044852155677937,0.4097669841671305,2000,2200,2300,2300,2300,2400,3700,7000,12000,14000,14000
GET,/messages/full,4052,75,5300.0,6750.629054507891,1.1217320006835507,75966.72842499992,526181.3504442251,12.39086432720308,0.2293471926308566,5300,7600,9200,10000,14000,19000,29000,35000,60000,76000,76000
,Aggregated,24822,482,2800.0,5710.429965921,1.1217320006835507,79499.8289690002,104014.14724840867,75.90474687310831,1.473937957974305,2800,6200,8000,9200,13000,18000,27000,34000,56000,76000,79000
