Type,Name,Request Count,Failure Count,Median Response Time,Average Response Time,Min Response Time,Max Response Time,Average Content Size,Requests/s,Failures/s,50%,66%,75%,80%,90%,95%,98%,99%,99.9%,99.99%,100%
GET,/messages,17595,345,7100.0,7380.90778070423,1.0821459582075477,66382.54436600255,142519.52759306622,54.49434158388511,1.068516501644806,7100,9400,11000,11000,13000,15000,21000,30000,47000,66000,66000
PUT,/messages,7069,133,1500.0,1485.1599200284995,1.130259013734758,13418.148692988325,26.492007356061677,21.89374826123807,0.41192085425727304,1500,2000,2200,2200,2300,2300,2800,4100,11000,13000,13000
,Aggregated,24664,478,3500.0,5691.115304742637,1.0821459582075477,66382.54436600255,101679.30424910801,76.38808984512318,1.4804373559020791,3500,7600,9200,10000,12000,14000,18000,26000,44000,64000,66000
