Type,Name,Request Count,Failure Count,Median Response Time,Average Response Time,Min Response Time,Max Response Time,Average Content Size,Requests/s,Failures/s,50%,66%,75%,80%,90%,95%,98%,99%,99.9%,99.99%,100%
PUT,/simple_messages,121254,25,550.0,1218.4440766012126,1.2994520002393983,6049.857677000546,26.99443317333861,354.7593268309938,0.07314383996218554,550,620,770,2200,3700,4200,4600,4900,5400,5800,6000
,Aggregated,121254,25,550.0,1218.4440766012126,1.2994520002393983,6049.857677000546,26.99443317333861,354.7593268309938,0.07314383996218554,550,620,770,2200,3700,4200,4600,4900,5400,5800,6000
