Type,Name,Request Count,Failure Count,Median Response Time,Average Response Time,Min Response Time,Max Response Time,Average Content Size,Requests/s,Failures/s,50%,66%,75%,80%,90%,95%,98%,99%,99.9%,99.99%,100%
PUT,/simple_messages,112229,17,690.0,1303.6929267785454,2.1063729654997587,5883.32070899196,26.995910148000963,327.8690536579596,0.049664292760207375,690,800,2200,2600,3200,3600,4000,4200,5400,5700,5900
,Aggregated,112229,17,690.0,1303.6929267785454,2.1063729654997587,5883.32070899196,26.995910148000963,327.8690536579596,0.049664292760207375,690,800,2200,2600,3200,3600,4000,4200,5400,5700,5900
