Type,Name,Request Count,Failure Count,Median Response Time,Average Response Time,Min Response Time,Max Response Time,Average Content Size,Requests/s,Failures/s,50%,66%,75%,80%,90%,95%,98%,99%,99.9%,99.99%,100%
PUT,/rooms/6183d2eeb79f4524996c325c/simple_messages,138354,17,630.0,984.2050589864876,1.4695109566673636,4108.061225968413,26.9966824233488,429.72149748012004,0.05280125950216141,630,750,1200,1700,2100,2500,2900,3200,3900,4000,4100
,Aggregated,138354,17,630.0,984.2050589864876,1.4695109566673636,4108.061225968413,26.9966824233488,429.72149748012004,0.05280125950216141,630,750,1200,1700,2100,2500,2900,3200,3900,4000,4100
