Type,Name,Request Count,Failure Count,Median Response Time,Average Response Time,Min Response Time,Max Response Time,Average Content Size,Requests/s,Failures/s,50%,66%,75%,80%,90%,95%,98%,99%,99.9%,99.99%,100%
GET,/messages,21188,0,600.0,1104.7856083450554,347.5316539988853,4920.11617301614,7019.646356428167,54.34456681799744,0.0,600,680,750,2100,3200,3500,3800,3900,4400,4900,4900
PUT,/messages,31547,11,520.0,1017.203483034439,4.3318069947417825,4965.057888010051,26.990585475639524,80.91410465392511,0.02821362256928317,520,560,640,1400,3000,3400,3700,3900,4300,4700,5000
GET,/messages/full,113953,31,530.0,1039.5404021396694,1.2021579896099865,5190.668906987412,8165.591226207296,292.27517569432047,0.07951111814979803,530,620,740,1500,3100,3400,3700,3900,4400,4700,5200
,Aggregated,166688,42,530.0,1043.6063975446593,1.2021579896099865,5190.668906987412,6479.634742752927,427.533847166243,0.1077247407190812,530,620,730,1600,3100,3400,3700,3900,4400,4800,5200
