Type,Name,Request Count,Failure Count,Median Response Time,Average Response Time,Min Response Time,Max Response Time,Average Content Size,Requests/s,Failures/s,50%,66%,75%,80%,90%,95%,98%,99%,99.9%,99.99%,100%
GET,/messages,79902,30,700.0,1284.8167855991142,1.2862670118920505,5574.213416024577,6682.472003203925,236.73013141739878,0.08888268056521693,700,820,2100,2400,3100,3500,4000,4200,5100,5400,5600
PUT,/messages,31885,8,690.0,1270.5416265618724,1.878966053482145,5402.1497599896975,26.993225654696566,94.4674756607314,0.023702048150724516,690,800,2100,2400,3000,3500,4000,4200,5000,5400,5400
,Aggregated,111787,38,700.0,1280.745082754397,1.2862670118920505,5574.213416024577,4784.130149301797,331.1976070781302,0.11258472871594145,700,810,2100,2400,3100,3500,4000,4200,5100,5400,5600
