Type,Name,Request Count,Failure Count,Median Response Time,Average Response Time,Min Response Time,Max Response Time,Average Content Size,Requests/s,Failures/s,50%,66%,75%,80%,90%,95%,98%,99%,99.9%,99.99%,100%
GET,/messages,17983,349,4600.0,6882.969592508712,1.1918789823539555,185756.52798300143,141354.48835010844,54.77538449258553,1.0630378239399627,4600,6600,7800,8200,14000,23000,34000,49000,103000,180000,186000
PUT,/messages,7277,143,2200.0,1939.5659397164493,1.228837005328387,10653.362548968289,26.469424213274703,22.165404712925813,0.4355713719868615,2200,2300,2300,2300,2400,3600,3700,4400,7600,11000,11000
,Aggregated,25260,492,3200.0,5458.854454687283,1.1918789823539555,185756.52798300143,100640.1576405384,76.94078920551134,1.4986091959268242,3200,4700,5900,6900,10000,19000,29000,42000,94000,173000,186000
