Type,Name,Request Count,Failure Count,Median Response Time,Average Response Time,Min Response Time,Max Response Time,Average Content Size,Requests/s,Failures/s,50%,66%,75%,80%,90%,95%,98%,99%,99.9%,99.99%,100%
GET,/messages,15846,298,4800.0,8009.843730706397,1.1035979841835797,184828.02762900246,138347.15316168117,48.87990404124207,0.9192358579004252,4800,6800,8200,9800,18000,27000,46000,64000,111000,156000,185000
PUT,/messages,6641,135,1800.0,1756.5576037524067,1.1840810184367,24800.63050001627,26.45113687697636,20.48538702119706,0.4164323517334141,1800,2300,2300,2300,2300,3600,6000,11000,17000,25000,25000
,Aggregated,22487,433,2900.0,6163.084573455476,1.1035979841835797,184828.02762900246,97497.42744696936,69.36529106243913,1.3356682096338393,2900,5500,6800,7900,13000,23000,37000,55000,104000,147000,185000
