Type,Name,Request Count,Failure Count,Median Response Time,Average Response Time,Min Response Time,Max Response Time,Average Content Size,Requests/s,Failures/s,50%,66%,75%,80%,90%,95%,98%,99%,99.9%,99.99%,100%
GET,/messages,13593,324,4700.0,7102.759103691683,1.0946969996439293,222795.03463899982,31896.740233943943,41.89330042003848,0.9985602395418574,4700,6800,8000,9100,15000,22000,35000,50000,87000,113000,223000
PUT,/messages,7202,131,2200.0,1918.366598750351,1.115392000428983,14585.052667000127,26.508886420438767,22.196391497470547,0.4037388622838991,2200,2300,2300,2300,3500,3600,3700,5000,9000,15000,15000
GET,/messages/full,4096,70,4600.0,6287.535946245851,1.155432999439654,105582.30919700055,519742.84814453125,12.623773892479777,0.2157383233578087,4600,5800,7600,8600,14000,20000,31000,43000,75000,106000,106000
,Aggregated,24891,525,3400.0,5468.5479882891,1.0946969996439293,222795.03463899982,102954.08031015226,76.7134658099888,1.6180374251835652,3400,5400,6700,7500,11000,18000,27000,42000,77000,108000,223000
