Type,Name,Request Count,Failure Count,Median Response Time,Average Response Time,Min Response Time,Max Response Time,Average Content Size,Requests/s,Failures/s,50%,66%,75%,80%,90%,95%,98%,99%,99.9%,99.99%,100%
GET,/messages,96732,25,520.0,1024.7241894844533,1.9184239790774882,5210.816432023421,7899.678017615681,303.3481232950807,0.07839911386487428,520,580,710,1100,3100,3500,3800,4100,4900,5200,5200
PUT,/messages,38543,10,510.0,1011.5247855112262,3.2214720267802477,5625.7501639775,26.99299483693537,120.86948182775396,0.03135964554594971,510,560,660,1200,3100,3400,3800,4000,4800,5200,5600
,Aggregated,135275,35,520.0,1020.9633716885555,1.9184239790774882,5625.7501639775,5656.566586582887,424.2176051228347,0.10975875941082398,520,570,700,1100,3100,3500,3800,4100,4900,5200,5600
