Type,Name,Request Count,Failure Count,Median Response Time,Average Response Time,Min Response Time,Max Response Time,Average Content Size,Requests/s,Failures/s,50%,66%,75%,80%,90%,95%,98%,99%,99.9%,99.99%,100%
GET,/messages,16157,1,550.0,1143.2506582122192,279.3414110019512,5382.59687000027,6189.114563347156,45.29911270206213,0.0028036834005113653,550,640,710,1700,3600,4000,4300,4500,5100,5300,5400
PUT,/messages,27450,3,520.0,1077.4520648290147,1.4928349992260337,5435.516397999891,26.99704918032787,76.96110934403698,0.008411050201534096,520,560,630,1300,3500,3800,4100,4300,4900,5200,5400
GET,/messages/full,99644,18,520.0,1087.7887788072876,1.724461999401683,5380.93076199948,7200.541608124925,279.3702287605545,0.050466301209204575,520,580,680,1100,3500,3900,4200,4400,4900,5200,5400
,Aggregated,143251,22,520.0,1092.0634769723404,1.4928349992260337,5435.516397999891,5711.8579346741035,401.6304508066536,0.061681034811250035,520,580,680,1300,3500,3900,4200,4400,4900,5200,5400
