Type,Name,Request Count,Failure Count,Median Response Time,Average Response Time,Min Response Time,Max Response Time,Average Content Size,Requests/s,Failures/s,50%,66%,75%,80%,90%,95%,98%,99%,99.9%,99.99%,100%
GET,/simple_messages,32679,970,2200.0,3941.558188974086,1.1828960268758237,66144.7841640329,226946.63113926374,94.76033329147232,2.812739780676525,2200,3000,3700,4500,10000,16000,21000,25000,49000,65000,66000
PUT,/simple_messages,13111,368,1700.0,1576.041522146417,1.2020840076729655,12221.631974971388,26.242163069178552,38.018382746855586,1.0671012776174857,1700,2000,2100,2200,2300,2300,3400,3700,9600,11000,12000
,Aggregated,45790,1338,2000.0,3264.2424209291516,1.1828960268758237,66144.7841640329,161972.76741646646,132.7787160383279,3.8798410582940104,2000,2300,3000,3500,6400,14000,19000,23000,45000,64000,66000
