Type,Name,Request Count,Failure Count,Median Response Time,Average Response Time,Min Response Time,Max Response Time,Average Content Size,Requests/s,Failures/s,50%,66%,75%,80%,90%,95%,98%,99%,99.9%,99.99%,100%
GET,/simple_messages,26504,677,1800.0,2268.292405154989,1.2145989985583583,25587.101760000223,34034.71694838515,75.4542369841229,1.9273512842684577,1800,2400,2800,3200,4400,5900,8300,9800,16000,21000,26000
PUT,/simple_messages,13505,322,1300.0,1401.7779918945598,1.4356560004671337,13475.230912999905,26.356238430211032,38.447384186182454,0.9167017925176416,1300,1500,1700,1700,2000,2500,4500,6100,8600,11000,13000
GET,/simple_messages/full,6924,165,7500.0,10734.36487458161,1.6888449990801746,68472.89943299984,954091.2257365684,19.711935439106057,0.4697384961658722,7500,13000,16000,19000,26000,33000,39000,43000,51000,68000,68000
,Aggregated,46933,1164,1700.0,3267.947416069011,1.2145989985583583,68472.89943299984,159984.22700445316,133.6135566094114,3.3137915729519714,1700,2200,2800,3400,6800,13000,23000,30000,45000,52000,68000
