Type,Name,Request Count,Failure Count,Median Response Time,Average Response Time,Min Response Time,Max Response Time,Average Content Size,Requests/s,Failures/s,50%,66%,75%,80%,90%,95%,98%,99%,99.9%,99.99%,100%
GET,/simple_messages,95200,10,610.0,1046.1980081965,1.2194709852337837,6128.975611005444,7786.932909663866,294.92851361034286,0.030979885883439376,610,710,860,1400,2700,3300,4000,4400,5300,6000,6100
PUT,/simple_messages,38000,4,580.0,1031.9508465592805,1.22008501784876,5939.259651990142,26.99715789473684,117.72356635706963,0.012391954353375749,580,660,840,1600,2700,3300,4000,4300,5300,5900,5900
,Aggregated,133200,14,600.0,1042.1335026243203,1.2194709852337837,6128.975611005444,5573.137424924925,412.6520799674125,0.043371840236815125,600,700,860,1500,2700,3300,4000,4400,5300,5900,6100
