Type,Name,Request Count,Failure Count,Median Response Time,Average Response Time,Min Response Time,Max Response Time,Average Content Size,Requests/s,Failures/s,50%,66%,75%,80%,90%,95%,98%,99%,99.9%,99.99%,100%
GET,/simple_messages,16740,0,520.0,1156.4525153249783,338.60848900076235,5512.5292709999485,6329.677299880525,44.99081943171492,0.0,520,560,640,880,3800,4100,4300,4500,5000,5400,5500
PUT,/simple_messages,28185,7,520.0,1111.8052933285799,2.516193999326788,5489.119837002363,26.99329430548164,75.75067178511857,0.018813365353763704,520,550,620,1000,3600,4000,4300,4400,5000,5200,5500
GET,/simple_messages/full,101726,27,530.0,1122.6808827957518,1.722816999972565,5486.0404020000715,7322.650561311759,273.4012005681381,0.07256583779308858,530,590,690,990,3600,4000,4300,4500,5000,5300,5500
,Aggregated,146651,34,520.0,1124.4456756673117,1.722816999972565,5512.5292709999485,5807.144547258457,394.1426917849716,0.09137920314685229,520,580,670,980,3700,4000,4300,4500,5000,5300,5500
