Type,Name,Request Count,Failure Count,Median Response Time,Average Response Time,Min Response Time,Max Response Time,Average Content Size,Requests/s,Failures/s,50%,66%,75%,80%,90%,95%,98%,99%,99.9%,99.99%,100%
GET,/simple_messages,32620,1003,2500.0,3616.9991252867762,1.1294640135020018,106601.3788539567,214774.99472716125,102.41303200779541,3.148996661674396,2500,3200,3400,3500,8400,12000,17000,22000,47000,75000,107000
PUT,/simple_messages,13094,418,1800.0,1640.224127983159,1.2116829748265445,7402.884125011042,26.138078509240874,41.10963338780114,1.3123435738583225,1800,2200,2300,2300,2300,2400,3600,3600,4300,6500,7400
,Aggregated,45714,1421,2300.0,3050.785453004902,1.1294640135020018,106601.3788539567,153263.82683641772,143.52266539559653,4.4613402355327185,2300,2700,3200,3400,6100,10000,15000,19000,43000,72000,107000
