Type,Name,Request Count,Failure Count,Median Response Time,Average Response Time,Min Response Time,Max Response Time,Average Content Size,Requests/s,Failures/s,50%,66%,75%,80%,90%,95%,98%,99%,99.9%,99.99%,100%
GET,/simple_messages,25339,776,2300.0,2446.6903078806563,1.1372509998182068,40898.067641001035,33632.444098030704,77.90119682622489,2.3857030165811794,2300,3000,3300,3400,3500,4600,7100,9400,21000,37000,41000
PUT,/simple_messages,12892,380,2000.0,1670.0388501887203,1.1179359989910154,6314.8644659995625,26.2041576171269,39.63464341464506,1.16825663183099,2000,2200,2300,2300,2300,2500,3600,3700,5100,6300,6300
GET,/simple_messages/full,6874,183,7400.0,8786.575760120459,1.2674499994318467,80421.98543300037,936967.1579866163,21.13314759791112,0.5626077990133452,7400,10000,12000,13000,18000,24000,33000,43000,66000,80000,80000
,Aggregated,45105,1339,2300.0,3190.904519301384,1.1179359989910154,80421.98543300037,161695.2127036914,138.66898783878108,4.116567447425515,2300,2700,3300,3500,6100,11000,16000,23000,48000,68000,80000
