Type,Name,Request Count,Failure Count,Median Response Time,Average Response Time,Min Response Time,Max Response Time,Average Content Size,Requests/s,Failures/s,50%,66%,75%,80%,90%,95%,98%,99%,99.9%,99.99%,100%
GET,/simple_messages,53416,62,1600.0,2157.535311320904,1.1046690051443875,20640.52608399652,4539.392298187809,165.2402187988366,0.19179447292062057,1600,2600,3200,3600,4600,5600,6900,8000,14000,20000,21000
PUT,/simple_messages,21273,24,970.0,1428.137213611007,1.0535430046729743,15714.764142991044,26.969538852065998,65.80715842645745,0.0742430217757241,970,1500,1900,2100,3000,3900,5200,6500,12000,15000,16000
,Aggregated,74689,86,1400.0,1949.7873734373768,1.0535430046729743,20640.52608399652,3254.1592737886435,231.04737722529404,0.2660374946963447,1400,2200,2800,3200,4300,5300,6700,7700,13000,20000,21000
