Type,Name,Request Count,Failure Count,Median Response Time,Average Response Time,Min Response Time,Max Response Time,Average Content Size,Requests/s,Failures/s,50%,66%,75%,80%,90%,95%,98%,99%,99.9%,99.99%,100%
GET,/simple_messages,6447,10,2100.0,2372.996809458028,1.1678640003083274,14304.851116001373,3805.783930510315,18.265139429204886,0.028331222939669436,2100,2800,3300,3600,4400,5300,6700,7600,13000,14000,14000
PUT,/simple_messages,16584,28,960.0,1411.6246965263056,1.1958579998463392,16156.907993001369,26.95441389290883,46.98450012314779,0.07932742423107442,960,1600,2000,2200,3000,3700,4600,5100,8200,13000,16000
GET,/simple_messages/full,64440,129,1400.0,1848.2816121684189,1.0863339994102716,16990.604734000954,4471.1964463066415,182.56640062322984,0.3654727759217357,1400,2200,2700,3000,3900,4800,6000,6900,11000,15000,17000
,Aggregated,87471,167,1300.0,1804.1677983091663,1.0863339994102716,16990.604734000954,3579.549793645894,247.81604017558251,0.4731314230924796,1300,2100,2600,2900,3800,4700,5800,6800,11000,14000,17000
