Type,Name,Request Count,Failure Count,Median Response Time,Average Response Time,Min Response Time,Max Response Time,Average Content Size,Requests/s,Failures/s,50%,66%,75%,80%,90%,95%,98%,99%,99.9%,99.99%,100%
PUT,/simple_messages,112700,33,620.0,1257.6428030415514,2.3630019968550187,7256.295383001998,26.99209405501331,341.7962391734368,0.100082306057883,620,720,940,2200,3600,4200,4800,5400,6800,7200,7300
,Aggregated,112700,33,620.0,1257.6428030415514,2.3630019968550187,7256.295383001998,26.99209405501331,341.7962391734368,0.100082306057883,620,720,940,2200,3600,4200,4800,5400,6800,7200,7300
