Type,Name,Request Count,Failure Count,Median Response Time,Average Response Time,Min Response Time,Max Response Time,Average Content Size,Requests/s,Failures/s,50%,66%,75%,80%,90%,95%,98%,99%,99.9%,99.99%,100%
PUT,/simple_messages,115223,22,540.0,1245.0632916665866,1.3945279642939568,6903.893936017994,26.99484477925414,352.1260705471685,0.06723287496452711,540,570,630,910,4400,4900,5300,5500,6000,6200,6900
,Aggregated,115223,22,540.0,1245.0632916665866,1.3945279642939568,6903.893936017994,26.99484477925414,352.1260705471685,0.06723287496452711,540,570,630,910,4400,4900,5300,5500,6000,6200,6900
