Type,Name,Request Count,Failure Count,Median Response Time,Average Response Time,Min Response Time,Max Response Time,Average Content Size,Requests/s,Failures/s,50%,66%,75%,80%,90%,95%,98%,99%,99.9%,99.99%,100%
PUT,/simple_messages,123040,35,570.0,1148.8197439930934,1.2839230184908956,5531.270100997062,26.99231957087126,375.47863377976415,0.10680877911485488,570,670,910,2300,3200,3700,4000,4200,4900,5100,5500
,Aggregated,123040,35,570.0,1148.8197439930934,1.2839230184908956,5531.270100997062,26.99231957087126,375.47863377976415,0.10680877911485488,570,670,910,2300,3200,3700,4000,4200,4900,5100,5500
