Type,Name,Request Count,Failure Count,Median Response Time,Average Response Time,Min Response Time,Max Response Time,Average Content Size,Requests/s,Failures/s,50%,66%,75%,80%,90%,95%,98%,99%,99.9%,99.99%,100%
PUT,/rooms/619310d5c9c5300408bd218f/simple_messages,103823,24,650.0,1316.2183923772222,1.6706539900042117,6789.159018022474,26.993758608400835,323.677067614246,0.0748220492833178,650,760,1700,2600,3500,4100,4600,5000,6300,6600,6800
,Aggregated,103823,24,650.0,1316.2183923772222,1.6706539900042117,6789.159018022474,26.993758608400835,323.677067614246,0.0748220492833178,650,760,1700,2600,3500,4100,4600,5000,6300,6600,6800
