Type,Name,Request Count,Failure Count,Median Response Time,Average Response Time,Min Response Time,Max Response Time,Average Content Size,Requests/s,Failures/s,50%,66%,75%,80%,90%,95%,98%,99%,99.9%,99.99%,100%
PUT,/rooms/6183ecc4becc6a7b732e6948/simple_messages,130223,15,530.0,1104.5933806609698,1.1677889851853251,5056.41843599733,26.996889950315996,392.56307370234646,0.04521817271553563,530,580,670,1800,3400,3800,4100,4300,4800,5000,5100
,Aggregated,130223,15,530.0,1104.5933806609698,1.1677889851853251,5056.41843599733,26.996889950315996,392.56307370234646,0.04521817271553563,530,580,670,1800,3400,3800,4100,4300,4800,5000,5100
