Type,Name,Request Count,Failure Count,Median Response Time,Average Response Time,Min Response Time,Max Response Time,Average Content Size,Requests/s,Failures/s,50%,66%,75%,80%,90%,95%,98%,99%,99.9%,99.99%,100%
PUT,/rooms/6193e7bc1d0625f5b1990ce3/simple_messages,124116,11,540.0,1091.781477234136,1.9324549939483404,5800.6490569678135,26.997607077250315,392.9575419290237,0.034826557101576436,540,630,780,1900,3200,3600,4000,4300,5200,5700,5800
,Aggregated,124116,11,540.0,1091.781477234136,1.9324549939483404,5800.6490569678135,26.997607077250315,392.9575419290237,0.034826557101576436,540,630,780,1900,3200,3600,4000,4300,5200,5700,5800
