Type,Name,Request Count,Failure Count,Median Response Time,Average Response Time,Min Response Time,Max Response Time,Average Content Size,Requests/s,Failures/s,50%,66%,75%,80%,90%,95%,98%,99%,99.9%,99.99%,100%
GET,/messages,17072,0,560.0,1163.9952723559556,327.3146760002419,5645.078478999494,6357.541002811621,45.958246637650774,0.0,560,660,740,2200,3600,3900,4300,4600,5100,5600,5600
PUT,/messages,28163,0,520.0,1099.508307905879,319.833170997299,5530.250832998718,27.0,75.81549320853789,0.0,520,560,630,1700,3500,3800,4200,4400,5100,5500,5500
GET,/messages/full,102091,5,530.0,1102.751571976725,1.833704998716712,5646.279439999489,7354.375449354007,274.8314993840444,0.013460123780942706,530,590,680,1700,3400,3800,4200,4400,5100,5500,5600
,Aggregated,147326,5,530.0,1109.2284491528314,1.833704998716712,5646.279439999489,5838.1540597043295,396.605239230233,0.013460123780942706,530,590,690,1700,3400,3800,4200,4400,5100,5500,5600
