Type,Name,Request Count,Failure Count,Median Response Time,Average Response Time,Min Response Time,Max Response Time,Average Content Size,Requests/s,Failures/s,50%,66%,75%,80%,90%,95%,98%,99%,99.9%,99.99%,100%
GET,/messages,84949,7,660.0,1135.592536681422,1.3280569692142308,5218.990995956119,7063.534096928745,263.8717139787481,0.021743657934186828,660,780,1500,2100,2800,3200,3600,4000,4900,5200,5200
PUT,/messages,34061,2,650.0,1126.7206475186874,1.6412090044468641,5190.1726389769465,26.998414609083703,105.80153327090537,0.00621247369548195,650,770,1500,2000,2800,3200,3600,3900,4900,5200,5200
,Aggregated,119010,9,660.0,1133.0533768060172,1.3280569692142308,5218.990995956119,5049.657600201664,369.67324724965346,0.027956131629668778,660,780,1500,2100,2800,3200,3600,3900,4900,5200,5200
