Type,Name,Request Count,Failure Count,Median Response Time,Average Response Time,Min Response Time,Max Response Time,Average Content Size,Requests/s,Failures/s,50%,66%,75%,80%,90%,95%,98%,99%,99.9%,99.99%,100%
PUT,/messages,115644,23,600.0,1160.2760087055678,1.1890220011991914,5881.8861129984725,26.994630071599044,370.1610836842767,0.07361994504460556,600,680,930,2200,3200,3600,4000,4400,5100,5800,5900
,Aggregated,115644,23,600.0,1160.2760087055678,1.1890220011991914,5881.8861129984725,26.994630071599044,370.1610836842767,0.07361994504460556,600,680,930,2200,3200,3600,4000,4400,5100,5800,5900
