Type,Name,Request Count,Failure Count,Median Response Time,Average Response Time,Min Response Time,Max Response Time,Average Content Size,Requests/s,Failures/s,50%,66%,75%,80%,90%,95%,98%,99%,99.9%,99.99%,100%
PUT,/messages,130107,8,540.0,1221.3949524696077,1.455160032492131,6411.271636025049,26.998339827987735,360.6312899437885,0.022174443493050398,540,570,650,1200,4100,4500,4800,5000,5500,5700,6400
,Aggregated,130107,8,540.0,1221.3949524696077,1.455160032492131,6411.271636025049,26.998339827987735,360.6312899437885,0.022174443493050398,540,570,650,1200,4100,4500,4800,5000,5500,5700,6400
