Type,Name,Request Count,Failure Count,Median Response Time,Average Response Time,Min Response Time,Max Response Time,Average Content Size,Requests/s,Failures/s,50%,66%,75%,80%,90%,95%,98%,99%,99.9%,99.99%,100%
GET,/simple_messages,32944,901,2100.0,3958.6339102243337,1.145727001130581,69849.53621396562,224541.48266755708,96.49942715011632,2.639205435352562,2100,2800,3700,4500,10000,16000,22000,29000,48000,61000,70000
PUT,/simple_messages,13170,372,1400.0,1416.6629477961649,1.2127909576520324,10294.69281702768,26.2373576309795,38.5775089718016,1.089660845672756,1400,1700,1800,2000,2200,2300,2400,3500,7400,10000,10000
,Aggregated,46114,1273,1800.0,3232.655734937457,1.145727001130581,69849.53621396562,160420.69980916858,135.07693612191792,3.728866281025318,1800,2200,2800,3400,6800,13000,20000,25000,45000,60000,70000
