Type,Name,Request Count,Failure Count,Median Response Time,Average Response Time,Min Response Time,Max Response Time,Average Content Size,Requests/s,Failures/s,50%,66%,75%,80%,90%,95%,98%,99%,99.9%,99.99%,100%
GET,/simple_messages,25630,680,2300.0,2536.2868718949694,1.1762980011553736,28021.80093900097,34822.57479516192,76.42094357065406,2.027555272260818,2300,3000,3300,3600,4500,5700,6900,8900,17000,25000,28000
PUT,/simple_messages,13312,341,1600.0,1556.04245869539,1.3947250008641277,13142.092627000238,26.308368389423077,39.692376153435305,1.0167593350602042,1600,1900,2000,2100,2300,2300,3700,5000,9400,13000,13000
GET,/simple_messages/full,6725,161,7100.0,9084.345770973241,1.3867899997421773,72375.78569000107,960755.7144981413,20.05192530287353,0.4800535276970466,7100,11000,14000,15000,19000,24000,36000,41000,55000,72000,72000
,Aggregated,45667,1182,2100.0,3214.8224110761876,1.1762980011553736,72375.78569000107,161033.89732191735,136.1652450269629,3.5243681350180687,2100,2600,3300,3800,6200,12000,17000,22000,44000,60000,72000
