Type,Name,Request Count,Failure Count,Median Response Time,Average Response Time,Min Response Time,Max Response Time,Average Content Size,Requests/s,Failures/s,50%,66%,75%,80%,90%,95%,98%,99%,99.9%,99.99%,100%
PUT,/rooms/6183e1cf86a0af7eca3f993b/messages,13938,38,7300.0,15965.585193984349,1.25611899420619,223236.03903595358,26.968001147940882,26.893924628681404,0.07332250939086622,7300,16000,23000,26000,42000,58000,76000,93000,149000,188000,223000
,Aggregated,13938,38,7300.0,15965.585193984349,1.25611899420619,223236.03903595358,26.968001147940882,26.893924628681404,0.07332250939086622,7300,16000,23000,26000,42000,58000,76000,93000,149000,188000,223000
