Type,Name,Request Count,Failure Count,Median Response Time,Average Response Time,Min Response Time,Max Response Time,Average Content Size,Requests/s,Failures/s,50%,66%,75%,80%,90%,95%,98%,99%,99.9%,99.99%,100%
PUT,/rooms/61930f038c2d2ebc8ffcab19/messages,12596,9,2200.0,9714.539376317738,1.2028329656459391,113219.63636699365,26.980708161321054,40.933424145339174,0.029247445006990516,2200,6500,14000,19000,28000,41000,57000,64000,97000,112000,113000
,Aggregated,12596,9,2200.0,9714.539376317738,1.2028329656459391,113219.63636699365,26.980708161321054,40.933424145339174,0.029247445006990516,2200,6500,14000,19000,28000,41000,57000,64000,97000,112000,113000
