Type,Name,Request Count,Failure Count,Median Response Time,Average Response Time,Min Response Time,Max Response Time,Average Content Size,Requests/s,Failures/s,50%,66%,75%,80%,90%,95%,98%,99%,99.9%,99.99%,100%
PUT,/simple_messages,126834,10,540.0,1274.0717205106391,1.6251120250672102,6449.863304966129,26.997871233265528,346.38435675111083,0.027310055407155087,540,580,650,1400,4400,4800,5200,5400,6000,6400,6400
,Aggregated,126834,10,540.0,1274.0717205106391,1.6251120250672102,6449.863304966129,26.997871233265528,346.38435675111083,0.027310055407155087,540,580,650,1400,4400,4800,5200,5400,6000,6400,6400
