Type,Name,Request Count,Failure Count,Median Response Time,Average Response Time,Min Response Time,Max Response Time,Average Content Size,Requests/s,Failures/s,50%,66%,75%,80%,90%,95%,98%,99%,99.9%,99.99%,100%
PUT,/simple_messages,116883,15,630.0,1174.6802586375145,1.8960590023198165,5033.704528999806,26.996534996534997,363.45444893408296,0.04664336758990823,630,720,1800,2200,3000,3400,3800,4100,4600,4900,5000
,Aggregated,116883,15,630.0,1174.6802586375145,1.8960590023198165,5033.704528999806,26.996534996534997,363.45444893408296,0.04664336758990823,630,720,1800,2200,3000,3400,3800,4100,4600,4900,5000
