Type,Name,Request Count,Failure Count,Median Response Time,Average Response Time,Min Response Time,Max Response Time,Average Content Size,Requests/s,Failures/s,50%,66%,75%,80%,90%,95%,98%,99%,99.9%,99.99%,100%
GET,/messages,15716,1,590.0,1143.3331709688546,63.7008199992124,5615.810131013859,6099.206477475184,45.75184531517769,0.0029111634840403213,590,680,780,2200,3300,3700,4000,4200,5100,5500,5600
PUT,/messages,27027,6,530.0,1047.7822072346198,2.9055769846308976,5461.829784006113,26.994005994005995,78.68001548315776,0.017466980904241928,530,580,660,1600,3100,3500,3800,4100,5000,5400,5500
GET,/messages/full,98666,17,540.0,1053.4464320781958,1.1942120036110282,5573.652449995279,7164.838880668112,287.23285631632234,0.049489779228685464,540,620,740,1500,3100,3500,3900,4100,4900,5500,5600
,Aggregated,141409,24,540.0,1062.3537363060618,1.1942120036110282,5615.810131013859,5682.1750312922095,411.6647171146578,0.06986792361696771,540,620,740,1500,3100,3500,3900,4100,4900,5500,5600
