Type,Name,Request Count,Failure Count,Median Response Time,Average Response Time,Min Response Time,Max Response Time,Average Content Size,Requests/s,Failures/s,50%,66%,75%,80%,90%,95%,98%,99%,99.9%,99.99%,100%
GET,/messages,91898,14,540.0,1179.0544834257444,1.2940040323883295,6388.0428549600765,7646.176521795905,266.7943577049104,0.04064420344151935,540,590,670,860,4100,4500,4800,5100,5700,5900,6400
PUT,/messages,37137,2,530.0,1166.1528391069278,1.7890270100906491,5877.891687036026,26.998545924549642,107.81455594340746,0.005806314777359908,530,560,620,830,4100,4500,4800,5100,5700,5800,5900
,Aggregated,129035,16,530.0,1175.341317501245,1.2940040323883295,6388.0428549600765,5453.334172898826,374.60891364831787,0.046450518218879265,530,580,660,850,4100,4500,4800,5100,5700,5900,6400
