Type,Name,Request Count,Failure Count,Median Response Time,Average Response Time,Min Response Time,Max Response Time,Average Content Size,Requests/s,Failures/s,50%,66%,75%,80%,90%,95%,98%,99%,99.9%,99.99%,100%
PUT,/rooms/6183d5089dcbfa2dcc58e621/messages,12028,80,4000.0,14043.28270010847,1.024408033117652,237674.68014999758,26.820419022281342,28.944813027805868,0.1925162156821142,4000,8900,15000,19000,41000,67000,101000,128000,186000,232000,238000
,Aggregated,12028,80,4000.0,14043.28270010847,1.024408033117652,237674.68014999758,26.820419022281342,28.944813027805868,0.1925162156821142,4000,8900,15000,19000,41000,67000,101000,128000,186000,232000,238000
