Type,Name,Request Count,Failure Count,Median Response Time,Average Response Time,Min Response Time,Max Response Time,Average Content Size,Requests/s,Failures/s,50%,66%,75%,80%,90%,95%,98%,99%,99.9%,99.99%,100%
PUT,/messages,133942,44,540.0,1148.012872405645,1.5782409991516033,5313.25462300083,26.991130489316273,380.49236233363445,0.12499189158501378,540,610,720,2200,3400,3800,4100,4300,5000,5300,5300
,Aggregated,133942,44,540.0,1148.012872405645,1.5782409991516033,5313.25462300083,26.991130489316273,380.49236233363445,0.12499189158501378,540,610,720,2200,3400,3800,4100,4300,5000,5300,5300
