Type,Name,Request Count,Failure Count,Median Response Time,Average Response Time,Min Response Time,Max Response Time,Average Content Size,Requests/s,Failures/s,50%,66%,75%,80%,90%,95%,98%,99%,99.9%,99.99%,100%
PUT,/messages,111198,14,550.0,1255.1945417696743,1.3476830208674073,5914.870670996606,26.99660065828522,345.6407927321761,0.04351670981717716,550,590,690,1900,4200,4600,5000,5100,5600,5800,5900
,Aggregated,111198,14,550.0,1255.1945417696743,1.3476830208674073,5914.870670996606,26.99660065828522,345.6407927321761,0.04351670981717716,550,590,690,1900,4200,4600,5000,5100,5600,5800,5900
