Type,Name,Request Count,Failure Count,Median Response Time,Average Response Time,Min Response Time,Max Response Time,Average Content Size,Requests/s,Failures/s,50%,66%,75%,80%,90%,95%,98%,99%,99.9%,99.99%,100%
GET,/messages,25646,762,3100.0,3521.6225690084625,1.2043429887853563,73115.3909410059,36311.559073539735,67.04670806772415,1.9921076014819388,3100,3400,3800,4400,5600,8000,16000,18000,31000,58000,73000
PUT,/messages,13185,398,2200.0,1922.7317230691244,1.1642350000329316,10150.319149019197,26.184982935153585,34.46973586028788,1.0404971461808552,2200,2300,2300,2300,2400,3500,3600,3700,6400,7500,10000
GET,/messages/full,6897,221,6800.0,8195.267159602423,1.1516110098455101,91069.85955199343,942907.3565318254,18.03092667640542,0.5777634907185151,6800,9100,11000,12000,16000,22000,29000,33000,59000,91000,91000
,Aggregated,45728,1381,2300.0,3765.5158277911846,1.1516110098455101,91069.85955199343,162587.98834412175,119.54737060441745,3.610368238381309,2300,3400,3900,4500,7500,12000,17000,21000,40000,64000,91000
