Type,Name,Request Count,Failure Count,Median Response Time,Average Response Time,Min Response Time,Max Response Time,Average Content Size,Requests/s,Failures/s,50%,66%,75%,80%,90%,95%,98%,99%,99.9%,99.99%,100%
GET,/messages,28461,699,3200.0,4249.246575220508,1.1209590011276305,100618.55311901309,208366.9193282035,88.16347166446351,2.165288173059977,3200,3500,4500,5600,8700,12000,18000,24000,49000,94000,101000
PUT,/messages,11374,249,2200.0,1853.0313071564324,1.1647670180536807,7709.192832990084,26.408915069456654,35.233172647187665,0.7713258298883179,2200,2200,2300,2300,2300,3400,3600,3600,6200,7200,7700
,Aggregated,39835,948,2300.0,3565.0604961704066,1.1209590011276305,100618.55311901309,148879.91128404668,123.39664431165119,2.9366140029482946,2300,3300,3500,4400,6900,10000,16000,21000,46000,85000,101000
