Type,Name,Request Count,Failure Count,Median Response Time,Average Response Time,Min Response Time,Max Response Time,Average Content Size,Requests/s,Failures/s,50%,66%,75%,80%,90%,95%,98%,99%,99.9%,99.99%,100%
PUT,/rooms/6183d793a7a9dacf0e43bd17/messages,13237,73,3200.0,10033.371236657285,1.0933419689536095,186036.0509629827,26.851099191659742,38.78863169717621,0.21391328200452242,3200,7200,11000,14000,27000,45000,71000,92000,144000,178000,186000
,Aggregated,13237,73,3200.0,10033.371236657285,1.0933419689536095,186036.0509629827,26.851099191659742,38.78863169717621,0.21391328200452242,3200,7200,11000,14000,27000,45000,71000,92000,144000,178000,186000
