Type,Name,Request Count,Failure Count,Median Response Time,Average Response Time,Min Response Time,Max Response Time,Average Content Size,Requests/s,Failures/s,50%,66%,75%,80%,90%,95%,98%,99%,99.9%,99.99%,100%
PUT,/rooms/619309fa669451ffebfff533/messages,12948,91,2500.0,9040.244950568023,1.0937899933196604,240090.47267900314,26.81024096385542,39.49905934510605,0.27760383073869715,2500,5900,9000,12000,24000,41000,69000,94000,142000,210000,240000
,Aggregated,12948,91,2500.0,9040.244950568023,1.0937899933196604,240090.47267900314,26.81024096385542,39.49905934510605,0.27760383073869715,2500,5900,9000,12000,24000,41000,69000,94000,142000,210000,240000
